"NOTES,C,75","SPACES,C,20","DESCRIPTIO,C,75","URL,C,75","LOCATION,C,75"
,1,,,North Side 1000 Alberni St
No stopping disabled zone,1,,,East Side 5400 Balsam St
No stopping disabled zone,1,,,East Side 5700 Balsam St
No stopping disabled zone,1,,,South Side 1700 Grant St
,1,,,East Side 700 Hornby St
,1,,,West Side 700 Hornby St
No stopping disabled zone,1,,,North Side 1600 Kitchener St
No stopping disabled zone,1,,,South Side 1700 Parker St
,1,,,South Side 100 Pender St
No stopping disabled zone,1,,,East Side 5400 Vine St
,1,,,West Side 5900 Vine St
No parking disabled zone,1,,,North Side 1700 William St
No stopping disabled zone,1,,,West Side 5300 Yew St
,1,,,North Side 800 W Broadway
No stopping disabled zone,1,,,East Side 3400 Main St
,1,,,West Side 2500 Main St
,1,,,South Side 2400 W 41st Av
,1,,,East Side 4200 Main St
No stopping disabled zone 2-hour parking,1,,,West Side 3900 Main St
,1,,,East Side 1900 Commercial Drive
,1,,,North Side 200 E Georgia St
,1,,,South Side 200 Pender St
,1,,,North Side 100 Keefer St
,1,,,West Side 2000 Maple St
,1,,,South Side 2600 W 4th Av
,1,,,South Side 1800 W 4th Av
,1,,,West Side 700 Broughton St
No stopping disabled zone 2-hour parking,1,,,North Side 1800 Robson St
No stopping disabled zone,1,,,West Side 1000 Bidwell St
No stopping disabled zone 2-hour parking,1,,,South Side 1700 Pendrell St
No stopping disabled zone 2-hour parking,1,,,South Side 1800 Barclay St
No stopping disabled zone,1,,,West Side 400 Slocan St
,1,,,South Side 2600 Broadway
,1,,,South Side 3000 Broadway
,1,,,East Side 500 Richards St
No stopping disabled zone,1,,,West Side 800 Cardero St
,1,,,West Side 1200 Seymour St
No stopping disabled zone,1,,,North Side 3400 Crowley Drive
No stopping disabled zone,1,,,East Side 300 Garden Drive
No stopping disabled zone 2-hour parking,1,,,East Side 5600 Victoria Drive
No stopping disabled zone 2-hour parking,1,,,East Side 5800 Victoria Drive
No stopping disabled zone 2-hour parking,1,,,North Side 1400 W 15th Av
No stopping disabled zone,1,,,North Side 1500 W 10th Av
No stopping disabled zone,1,,,South Side 1500 W 7th Av
No stopping disabled zone,1,,,West Side 1000 Cambie St
No stopping disabled zone 2-hour parking,1,,,North Side 2500 W Broadway
No stopping disabled zone 2-hour parking,1,,,West Side 6100 Fraser St
No stopping disabled zone 2-hour parking,1,,,East Side 6300 Fraser St
No stopping disabled zone,1,,,West Side 1200 Bute St
No stopping disabled zone,1,,,South Side 1200 Beach Av
No stopping disabled zone,1,,,South Side 1800 W Broadway
No stopping disabled zone 2-hour parking,1,,,West Side 400 Kamloops St
,1,,,East Side 4700 Main St
No stopping disabled zone 2-hour parking,1,,,North Side 3300 Kingsway
No stopping disabled zone 2-hour parking,1,,,North Side 2500 Kingsway
No stopping disabled zone 2-hour parking,1,,,South Side 3500 W 41st Av
No stopping disabled zone,1,,,North Side 200 W 7th Av
No stopping disabled zone,1,,,East Side 1100 Hamilton St
No stopping disabled zone 2-hour parking,1,,,East Side 5500 Cambie St
No stopping disabled zone,1,,,East Side 3400 Cambie St
No stopping disabled zone 2-hour parking,1,,,North Side 3600 Kingsway
No stopping disabled zone,1,,,South Side 1600 Davie St
No stopping disabled zone,1,,,East Side 400 Lillooet St
No stopping disabled zone 2-hour parking,1,,,South Side 3600 W 29th Av
No stopping disabled zone 2-hour parking,1,,,South Side 1500 W 66th Av
No stopping disabled zone,1,,,North Side 1400 Hastings St
No stopping disabled zone 2-hour parking,1,,,east Side 4200 Dunbar St
No stopping disabled zone,1,,,West Side 1300 Hornby St
No stopping disabled zone,1,,,West Side 1100 Homer St
No stopping disabled zone 2-hour parking,1,,,East Side 700 Hornby St
No stopping disabled zone,1,,,West Side 700 Bute St
No stopping disabled zone,1,,,East Side 1100 Burrard St
No stopping disabled zone,1,,,West Side 5600 Yew St
No stopping disabled zone,1,,,South Side 2200 W Broadway
No stopping disabled zone,1,,,North Side 3200 W Broadway
No stopping disabled zone 2-hour parking,1,,,West Side 1200 Raymur Av
No stopping disabled zone,1,,,South Side 100 E 14th Av
No stopping disabled zone,1,,,South Side 100 E 13th Av
No stopping disabled zone 2-hour parking,1,,,North Side 3100 New Brighton Road
No stopping disabled zone 2-hour parking,1,,,East Side 5800 Cambie St
No stopping disabled zone 2-hour parking,1,,,North Side 2100 Eddington Drive
No stopping disabled zone,1,,,West Side 2200 Commercial Drive
No stopping disabled zone 2-hour parking,1,,,South Side 100 Alexander St
No stopping disabled zone 2-hour parking,2,,,North Side 0 Athletes Way
No stopping disabled zone 2-hour parking,1,,,East Side 1200 Homer St
No stopping disabled zone,1,,,South Side 200 E 10th Av
No stopping disabled zone 2-hour parking,1,,,South Side 100 W Cordova St
No stopping disabled zone 2-hour parking,1,,,East Side 400 Moberly Road
